mutation,r,theta
C5A,1.927527643696704,3.141592653589793
D5A,0.2304993194213149,0.0
D5C,0.12060461127456608,3.141592653589793
E5A,0.5613559811933032,3.141592653589793
E5C,0.06889807657254667,0.0
E5D,0.16976342700761696,0.0
F5A,0.6859745751711264,0.0
F5C,0.565777650639851,0.0
F5D,0.5446232261547259,0.0
F5E,0.2797973896468098,0.0
G5A,0.1804190643488434,3.141592653589793
G5C,0.15876124866135227,3.141592653589793
G5D,0.7407846275987207,0.0
G5E,0.011135561475940269,0.0
G5F,0.027010723005322503,3.141592653589793
H5A,0.05092631839006739,0.0
H5C,0.5978515669682556,3.141592653589793
H5D,0.2249770017845454,0.0
H5E,0.15255852169934234,3.141592653589793
H5F,0.10237582538156945,0.0
H5G,0.014657982487348451,0.0
I5A,0.3174284487308117,0.0
I5C,0.34050352541189965,3.141592653589793
I5D,0.012815713634864914,0.0
I5E,1.0203760713080323,3.141592653589793
I5F,1.314895221637882,0.0
I5G,0.09832544566704418,3.141592653589793
I5H,0.04571125019746845,3.141592653589793
K5A,0.18221196217846924,0.0
K5C,0.5010327364434753,3.141592653589793
K5D,0.3196818231871073,3.141592653589793
K5E,0.28384386133457523,0.0
K5F,0.5998731136134218,0.0
K5G,0.045771021566905205,0.0
K5H,0.41315333283661615,3.141592653589793
K5I,0.22976966447569203,0.0
L5A,0.2863909911116046,3.141592653589793
L5C,0.7668092222165197,0.0
L5D,0.3744094247153377,0.0
L5E,0.29815222882871373,3.141592653589793
L5F,0.3165664535001818,0.0
L5G,0.2915357531179457,3.141592653589793
L5H,0.7985280488531579,3.141592653589793
L5I,0.04934853800605155,0.0
L5K,0.31915642897343544,0.0
M5A,0.3029777396185995,0.0
M5C,0.06658383727158426,3.141592653589793
M5D,0.14675898386496325,0.0
M5E,0.09591894303786108,3.141592653589793
M5F,0.3873954171543177,0.0
M5G,0.14247666672579834,0.0
M5H,0.22004787160634146,0.0
M5I,0.32092365635236564,3.141592653589793
M5K,0.16952271964898444,3.141592653589793
M5L,0.08982389919984353,3.141592653589793
N5A,0.4518454876258218,3.141592653589793
N5C,0.39069817676201835,3.141592653589793
N5D,0.278769877480155,3.141592653589793
N5E,0.2473873354482118,3.141592653589793
N5F,0.08245058095391489,3.141592653589793
N5G,0.08270246934382607,3.141592653589793
N5H,0.13040031463826007,0.0
N5I,0.06409514058657832,3.141592653589793
N5K,0.023321789442219673,0.0
N5L,0.16226558294304652,3.141592653589793
N5M,0.28595544880333296,0.0
P5A,0.0669800825867555,0.0
P5C,0.6460981302582653,0.0
P5D,0.18002786349564745,3.141592653589793
P5E,0.42328446512547796,0.0
P5F,0.393529802764457,0.0
P5G,0.003232920610100733,3.141592653589793
P5H,0.24787546102336833,0.0
P5I,0.44712598854055313,0.0
P5K,0.5102975307076137,0.0
P5L,0.5907192887483667,0.0
P5M,0.32403406574012644,3.141592653589793
P5N,0.6628185567925476,3.141592653589793
Q5A,0.506342201571007,0.0
Q5C,0.17301683102833754,3.141592653589793
Q5D,0.17750662496519304,3.141592653589793
Q5E,0.4432046085769028,0.0
Q5F,0.5694476749148141,0.0
Q5G,0.022049521166361306,3.141592653589793
Q5H,0.10031574522103327,3.141592653589793
Q5I,0.10839346761295922,3.141592653589793
Q5K,0.06968668449604117,3.141592653589793
Q5L,0.8463525465219474,0.0
Q5M,1.3469833216962765,3.141592653589793
Q5N,0.08944462598034854,3.141592653589793
Q5P,0.45111354255847175,3.141592653589793
R5A,0.01738015219312505,3.141592653589793
R5C,0.16361119342272404,0.0
R5D,0.11173376326603848,3.141592653589793
R5E,0.1963750859509726,0.0
R5F,0.02023023774293637,3.141592653589793
R5G,0.10967013378354615,3.141592653589793
R5H,0.411491795313788,0.0
R5I,0.16269873951054423,0.0
R5K,0.29832003025383297,0.0
R5L,0.21388439393466419,0.0
R5M,0.32339256812861705,3.141592653589793
R5N,0.030545476356030797,3.141592653589793
R5P,0.2887601735243153,0.0
R5Q,0.3260656665800136,3.141592653589793
S5A,0.24387496706952422,0.0
S5C,0.1455933363015787,0.0
S5D,0.2803404384507711,0.0
S5E,0.11445065008295424,3.141592653589793
S5F,1.0701555096648716,0.0
S5G,0.11488715821588326,3.141592653589793
S5H,0.1564625775380918,3.141592653589793
S5I,0.012385188390664669,0.0
S5K,0.011950735438672979,3.141592653589793
S5L,0.34118158081616906,0.0
S5M,0.1750142078035467,0.0
S5N,0.3125599046779524,3.141592653589793
S5P,0.029304764451648778,0.0
S5Q,0.20586879027025445,0.0
S5R,0.07029139803284234,3.141592653589793
T5A,0.04582913176631954,0.0
T5C,0.22834245279282178,0.0
T5D,0.23413084556100414,3.141592653589793
T5E,0.7344921158919406,0.0
T5F,0.16633224687290832,3.141592653589793
T5G,0.05354998370068938,0.0
T5H,0.12154997779313409,3.141592653589793
T5I,0.08521759039024089,0.0
T5K,0.35533724462793403,3.141592653589793
T5L,0.09531270323967059,3.141592653589793
T5M,0.03013247789162897,3.141592653589793
T5N,0.14728008621521144,0.0
T5P,0.3680558272411054,3.141592653589793
T5Q,0.27277419580212564,3.141592653589793
T5R,0.21783529897734347,0.0
T5S,0.08866592216379306,0.0
W5A,0.19275209307541877,3.141592653589793
W5C,0.43877813107900376,3.141592653589793
W5D,0.1467195822205768,0.0
W5E,0.03505103722811549,3.141592653589793
W5F,0.24393466720486257,0.0
W5G,0.02128938955360313,0.0
W5H,0.03865468319000526,3.141592653589793
W5I,0.3952839983058955,3.141592653589793
W5K,1.6290407140263174,3.141592653589793
W5L,0.29002127544109096,3.141592653589793
W5M,0.5790943083623536,0.0
W5N,0.48160509025138604,0.0
W5P,0.42938371603776837,3.141592653589793
W5Q,0.013989458875094304,0.0
W5R,0.5372829744460901,0.0
W5S,0.08699967074087174,0.0
W5T,0.20329798272092076,3.141592653589793
Y5A,0.008496151002402568,3.141592653589793
Y5C,0.49624295973379884,3.141592653589793
Y5D,0.271267087480016,3.141592653589793
Y5E,0.7923590671328267,3.141592653589793
Y5F,0.08812639123376258,3.141592653589793
Y5G,0.050018950199900256,0.0
Y5H,0.15609739247009266,3.141592653589793
Y5I,0.12359171767184883,0.0
Y5K,0.28902894647412863,0.0
Y5L,0.21018937702897342,3.141592653589793
Y5M,0.03857138714321912,0.0
Y5N,0.47578213617964893,3.141592653589793
Y5P,0.36543345043376013,3.141592653589793
Y5Q,0.8674190716757522,0.0
Y5R,0.24623036647760127,0.0
Y5S,0.9125474332505444,3.141592653589793
Y5T,0.22159736392068002,3.141592653589793
Y5W,0.1266574857504423,0.0
V5A,0.3461519640646456,3.141592653589793
V5C,0.19458349123581611,0.0
V5D,0.008858943504638896,3.141592653589793
V5E,0.027563771174585024,3.141592653589793
V5F,0.29602584602853793,3.141592653589793
V5G,0.013130913268528395,0.0
V5H,0.18798119997192506,3.141592653589793
V5I,0.3325191708493088,3.141592653589793
V5K,0.5409180811217219,3.141592653589793
V5L,0.2321644653301863,0.0
V5M,1.0791324372538151,0.0
V5N,0.5812438474396938,3.141592653589793
V5P,0.3174585180780679,3.141592653589793
V5Q,0.22274135188643251,0.0
V5R,0.19934987390770234,0.0
V5S,0.05462934091635108,0.0
V5T,0.030587609958016935,3.141592653589793
V5W,0.4462428477253741,0.0
V5Y,0.19936367431665808,0.0

